{
	"rqst": {
		"obo": {
			"Name": "",
			"Action__c": "",
			"Message_Id__c": "",
			"Order_Date__c": "2017-04-20",
			"Rinchem_Supplier_Id__c": "MAL",
			"Purchase_Order_Number__c": "153329",
			"Ship_To_Customer__c": "INTEL",
			"Ship_To_Name__c": "Intel",
			"Freight_Payment_Terms_Type__c": "",
			"Bill_To_Customer_Code__c": "",
			"Bill_To_Name__c": "",
			"Desired_Delivery_Date__c": "2017-04-21",
			"Carrier_Service__c": "FRGHTWORKS",
			"From_Warehouse_Code__c": "Chandler",
			"Order_Type__c": "PO",
			"Product_Owner_Id__c": "MAL"
		},
		"lineItems": [{
			"Name": "1",
			"Outbound_Order__c": "",
			"Hold_Code__c": "",
			"Inventory_Detail__c": "",
			"Lot_Number__c": "",
			"Rinchem_Part_Number__c": "",
			"Quantity__c": "",
			"Unit_of_Measure__c": ""
		},		
		{
			"Name": "2",
			"Outbound_Order__c": "",
			"Hold_Code__c": "",
			"Inventory_Detail__c": "",
			"Lot_Number__c": "",
			"Rinchem_Part_Number__c": "",
			"Quantity__c": "",
			"Unit_of_Measure__c": ""
		}]
	}
}