[{"ProfileName":"Example","Username":"","SecurityToken":"","ConsumerKey":"3MVG9PerJEe9i8iICQ8qavfYTX.5cG9vWPaQhcr9ltTLCP5dQebxII7Z6Y2cYnZ6DPqb3se6bgsXDzEGI3OAi","ConsumerSecret":"4433405007680158502","IsSandboxUser":true,"CustomFields":[{"DataLoaderName":"asnIntegratorConsole.RinchemExcelLoader","CustomFields":[{"Name":"FileLocation","Value":"H:\\\\NATMM\\\\ASN Data\\\\ASN_Master File 4.18.2017.xlsx"},{"Name":"Ship_ID","Value":""}]},{"DataLoaderName":"asnIntegratorConsole.RinchemJsonLoader","CustomFields":[{"Name":"FileLocation","Value":"c:/Development/CustomRestPayload.json"}]}]}]