{
	"rqst": {
		"asn": {
			"Name": "",
			"Action__c": "",
			"Message_Id__c": "",
			"Date_ASN_Sent__c": "2017-04-20",
			"Supplier_Name__c": "Example Supplier, INC",
			"Rinchem_Supplier_Id__c": "EXA",
			"ASN_Recipient_Name__c": "Rinchem",
			"ASN_Recipient_Id__c": "16",
			"Template_Version__c": "1.0",
			"Estimated_Ship_Date__c": "2017-03-24",
			"Estimated_Arrival_Date__c": "2017-03-28",
			"Shipment_Id__c": "123456",
			"BOL_Number__c": "123456",
			"Ship_From_Supplier__c": "EXA",
			"Order_Type__c": "PO",
			"Order_Number__c": "123456",
			"Origin_Id__c": "EXA",
			"Origin_Street_Address__c": "1234 Example Dr",
			"Origin_City__c": "Example City",
			"Origin_State__c": "ST",
			"Origin_Postal_Code__c": "40361",
			"Origin_Country__c": "USA",
			"Destination_Name__c": "Albuquerque",
			"Destination_Warehouse_Code__c": "11",
			"Destination_Address__c": "6139 Edit Blvd. NE",
			"Destination_City__c": "Albuquerque",
			"Destination_State__c": "NM",
			"Destination_Postal_Code__c": "87107",
			"Destination_Country__c": "USA",
			"Carrier_Id__c": "RINCHEM",
			"Carrier_Name__c": "Rinchem",
			"Purchase_Order_Number__c": "123456",
			"Product_Owner_Id__c": "XXXXXX"
		},
		"lineItems": [{
			"Name": "1",
			"Vendor_Part_Number__c": "1234-01",
      "Product_Description__c": "EXAMPLE OXIDE, 65%",
      "Product_Lot_Number__c": "00000170506",
			"Product_Expiration_Date__c": "2018-03-01",
			"Quantity__c": "4",
			"Unit_of_Measure__c": "BOTTLE",
			"Hold_Code__c": "OH",
			"Serial_Number__c": ""
		},
		{
			"Name": "2",
			"Vendor_Part_Number__c": "1234-02",
      "Product_Description__c": "EXAMPLE OXIDE, 75%",
      "Product_Lot_Number__c": "0000170507",
			"Product_Expiration_Date__c": "2019-02-01",
			"Quantity__c": "12",
			"Unit_of_Measure__c": "Bottle",
			"Hold_Code__c": "",
			"Serial_Number__c": ""
		}]
	}
}